ticker,n_bars,first,last
BAC,114925,2020-11-02 14:30:00+00:00,2026-08-28 20:00:00+00:00
WFC,114927,2020-11-02 14:30:00+00:00,2026-08-28 20:00:00+00:00
JPM,114928,2020-11-02 14:30:00+00:00,2026-08-28 20:00:00+00:00
C,114928,2020-11-02 14:30:00+00:00,2026-08-28 20:00:00+00:00
HBAN,114926,2020-11-02 14:30:00+00:00,2026-08-28 20:00:00+00:00
USB,114922,2020-11-02 14:30:00+00:00,2026-08-28 20:00:00+00:00
TFC,114928,2020-11-02 14:30:00+00:00,2026-08-28 20:00:00+00:00
KEY,114925,2020-11-02 14:30:00+00:00,2026-08-28 20:00:00+00:00
RF,114926,2020-11-02 14:30:00+00:00,2026-08-28 20:00:00+00:00
FITB,114929,2020-11-02 14:30:00+00:00,2026-08-28 20:00:00+00:00
VLY,114928,2020-11-02 14:30:00+00:00,2026-08-28 20:00:00+00:00
FHN,114929,2020-11-02 14:30:00+00:00,2026-08-28 20:00:00+00:00
CFG,114917,2020-11-02 14:30:00+00:00,2026-08-28 20:00:00+00:00
FLG,36145,2024-10-28 13:30:00+00:00,2026-08-28 20:00:00+00:00
PNC,114928,2020-11-02 14:30:00+00:00,2026-08-28 20:00:00+00:00
ONB,114926,2020-11-02 14:30:00+00:00,2026-08-28 20:00:00+00:00
FNB,114927,2020-11-02 14:30:00+00:00,2026-08-28 20:00:00+00:00
COLB,114924,2020-11-02 14:30:00+00:00,2026-08-28 20:00:00+00:00
TFSL,114897,2020-11-02 14:30:00+00:00,2026-08-28 20:00:00+00:00
EBC,114929,2020-11-02 14:30:00+00:00,2026-08-28 20:00:00+00:00
MCHB,71590,2021-01-14 16:40:00+00:00,2026-08-28 20:00:00+00:00
HOMB,114927,2020-11-02 14:30:00+00:00,2026-08-28 20:00:00+00:00
FRCB,99277,2020-11-02 14:30:00+00:00,2026-07-17 20:00:00+00:00
FULT,114930,2020-11-02 14:30:00+00:00,2026-08-28 20:00:00+00:00
ASB,114928,2020-11-02 14:30:00+00:00,2026-08-28 20:00:00+00:00
WBS,114921,2020-11-02 14:30:00+00:00,2026-08-28 19:55:00+00:00
BANC,114926,2020-11-02 14:30:00+00:00,2026-08-28 20:00:00+00:00
MTB,114922,2020-11-02 14:30:00+00:00,2026-08-28 20:00:00+00:00
ZION,114922,2020-11-02 14:30:00+00:00,2026-08-28 20:00:00+00:00
NWBI,114915,2020-11-02 14:30:00+00:00,2026-08-28 20:00:00+00:00
SFNC,114929,2020-11-02 14:30:00+00:00,2026-08-28 20:00:00+00:00
FFIN,114898,2020-11-02 14:30:00+00:00,2026-08-28 20:00:00+00:00
AUB,114927,2020-11-02 14:30:00+00:00,2026-08-28 20:00:00+00:00
UBSI,114924,2020-11-02 14:30:00+00:00,2026-08-28 20:00:00+00:00
EWBC,114925,2020-11-02 14:30:00+00:00,2026-08-28 20:00:00+00:00
CVBF,114915,2020-11-02 14:30:00+00:00,2026-08-28 20:00:00+00:00
CBSH,114926,2020-11-02 14:30:00+00:00,2026-08-28 20:00:00+00:00
CFFN,114912,2020-11-02 14:30:00+00:00,2026-08-28 20:00:00+00:00
PFS,114916,2020-11-02 14:30:00+00:00,2026-08-28 20:00:00+00:00
GBCI,114924,2020-11-02 14:30:00+00:00,2026-08-28 20:00:00+00:00
HOPE,114914,2020-11-02 14:30:00+00:00,2026-08-28 20:00:00+00:00
FHB,114927,2020-11-02 14:30:00+00:00,2026-08-28 20:00:00+00:00
UCB,40719,2024-08-06 13:30:00+00:00,2026-08-28 20:00:00+00:00
PNBK,114252,2020-11-02 14:30:00+00:00,2026-08-28 20:00:00+00:00
OZK,114926,2020-11-02 14:30:00+00:00,2026-08-28 20:00:00+00:00
WAL,114927,2020-11-02 14:30:00+00:00,2026-08-28 20:00:00+00:00
CLBK,114684,2020-11-02 14:30:00+00:00,2026-08-28 20:00:00+00:00
FCF,114922,2020-11-02 14:30:00+00:00,2026-08-28 20:00:00+00:00
FIBK,114926,2020-11-02 14:30:00+00:00,2026-08-28 20:00:00+00:00
SSB,114915,2020-11-02 14:30:00+00:00,2026-08-28 20:00:00+00:00
FFBC,114886,2020-11-02 14:30:00+00:00,2026-08-28 20:00:00+00:00
SBCF,114908,2020-11-02 14:30:00+00:00,2026-08-28 20:00:00+00:00
WSBC,114903,2020-11-02 14:30:00+00:00,2026-08-28 20:00:00+00:00
RNST,114913,2020-11-02 14:30:00+00:00,2026-08-28 20:00:00+00:00
PB,114921,2020-11-02 14:30:00+00:00,2026-08-28 20:00:00+00:00
BRBS,112163,2020-12-16 14:45:00+00:00,2026-08-28 20:00:00+00:00
BUSE,114870,2020-11-02 14:30:00+00:00,2026-08-28 20:00:00+00:00
BBT,19635,2025-09-02 13:30:00+00:00,2026-08-28 20:00:00+00:00
HWC,114929,2020-11-02 14:30:00+00:00,2026-08-28 20:00:00+00:00
TOWN,114874,2020-11-02 14:30:00+00:00,2026-08-28 20:00:00+00:00
PNFP,114929,2020-11-02 14:30:00+00:00,2026-08-28 20:00:00+00:00
WAFD,114906,2020-11-02 14:30:00+00:00,2026-08-28 20:00:00+00:00
UMBF,114875,2020-11-02 14:30:00+00:00,2026-08-28 20:00:00+00:00
BKU,114925,2020-11-02 14:30:00+00:00,2026-08-28 20:00:00+00:00
ABCB,114880,2020-11-02 14:30:00+00:00,2026-08-28 20:00:00+00:00
CATY,114828,2020-11-02 14:30:00+00:00,2026-08-28 20:00:00+00:00
WTFC,114895,2020-11-02 14:30:00+00:00,2026-08-28 20:00:00+00:00
KRNY,114874,2020-11-02 14:30:00+00:00,2026-08-28 20:00:00+00:00
CFR,114891,2020-11-02 14:30:00+00:00,2026-08-28 20:00:00+00:00
BOKF,114788,2020-11-02 14:30:00+00:00,2026-08-28 20:00:00+00:00
SBNY,99099,2020-11-02 14:30:00+00:00,2026-01-16 21:00:00+00:00
IBOC,114729,2020-11-02 14:30:00+00:00,2026-08-28 20:00:00+00:00
HTH,114881,2020-11-02 14:30:00+00:00,2026-08-28 20:00:00+00:00
TRMK,114778,2020-11-02 14:30:00+00:00,2026-08-28 20:00:00+00:00
FRME,114864,2020-11-02 14:30:00+00:00,2026-08-28 20:00:00+00:00
OCFC,114891,2020-11-02 14:30:00+00:00,2026-08-28 20:00:00+00:00
AX,114852,2020-11-02 14:30:00+00:00,2026-08-28 20:00:00+00:00
WSFS,114826,2020-11-02 14:30:00+00:00,2026-08-28 20:00:00+00:00
SFBS,114833,2020-11-02 14:30:00+00:00,2026-08-28 20:00:00+00:00
FBK,114886,2020-11-02 14:30:00+00:00,2026-08-28 20:00:00+00:00
OSBC,114893,2020-11-02 14:30:00+00:00,2026-08-28 20:00:00+00:00
CBU,114791,2020-11-02 14:30:00+00:00,2026-08-28 20:00:00+00:00
NBTB,114785,2020-11-02 14:30:00+00:00,2026-08-28 20:00:00+00:00
HBNC,114897,2020-11-02 14:30:00+00:00,2026-08-28 20:00:00+00:00
STEL,75252,2022-10-03 13:30:00+00:00,2026-07-30 19:55:00+00:00
CNOB,114756,2020-11-02 14:30:00+00:00,2026-08-28 20:00:00+00:00
INDB,114848,2020-11-02 14:30:00+00:00,2026-08-28 20:00:00+00:00
LOB,114862,2020-11-02 14:30:00+00:00,2026-08-28 20:00:00+00:00
BY,114779,2020-11-02 14:30:00+00:00,2026-08-28 20:00:00+00:00
NBBK,52457,2023-12-28 14:30:00+00:00,2026-08-28 20:00:00+00:00
TCBI,114863,2020-11-02 14:30:00+00:00,2026-08-28 20:00:00+00:00
TBBK,114900,2020-11-02 14:30:00+00:00,2026-08-28 20:00:00+00:00
DCOM,114726,2020-11-02 14:30:00+00:00,2026-08-28 20:00:00+00:00
NFBK,114179,2020-11-02 14:30:00+00:00,2026-08-19 19:55:00+00:00
FBNC,114756,2020-11-02 14:30:00+00:00,2026-08-28 20:00:00+00:00
BOH,114903,2020-11-02 14:30:00+00:00,2026-08-28 20:00:00+00:00
AMTB,114778,2020-11-02 14:30:00+00:00,2026-08-28 20:00:00+00:00
STBA,114676,2020-11-02 14:30:00+00:00,2026-08-28 20:00:00+00:00
NBHC,114874,2020-11-02 14:30:00+00:00,2026-08-28 20:00:00+00:00
FMNB,114686,2020-11-02 14:30:00+00:00,2026-08-28 20:00:00+00:00
GABC,114562,2020-11-02 14:30:00+00:00,2026-08-28 20:00:00+00:00
EFSC,114672,2020-11-02 14:30:00+00:00,2026-08-28 20:00:00+00:00
PEBO,114805,2020-11-02 14:30:00+00:00,2026-08-28 20:00:00+00:00
NPB,30125,2025-02-13 21:00:00+00:00,2026-08-28 20:00:00+00:00
CUBI,114846,2020-11-02 14:30:00+00:00,2026-08-28 20:00:00+00:00
BANR,114746,2020-11-02 14:30:00+00:00,2026-08-28 20:00:00+00:00
HFWA,114660,2020-11-02 14:30:00+00:00,2026-08-28 20:00:00+00:00
FFIC,111448,2020-11-02 14:30:00+00:00,2026-06-30 19:55:00+00:00
SHBI,114711,2020-11-02 14:30:00+00:00,2026-08-28 20:00:00+00:00
BANF,114575,2020-11-02 14:30:00+00:00,2026-08-28 20:00:00+00:00
TCBK,114499,2020-11-02 14:30:00+00:00,2026-08-28 20:00:00+00:00
BCAL,111650,2020-12-16 15:45:00+00:00,2026-08-28 20:00:00+00:00
SICP,392,2026-06-18 20:00:00+00:00,2026-08-28 19:55:00+00:00
HBT,114338,2020-11-02 14:30:00+00:00,2026-08-28 20:00:00+00:00
OBK,64365,2023-05-22 13:30:00+00:00,2026-08-28 20:00:00+00:00
EGBN,114859,2020-11-02 14:30:00+00:00,2026-08-28 20:00:00+00:00
SBSI,114730,2020-11-02 14:30:00+00:00,2026-08-28 20:00:00+00:00
HAFC,114679,2020-11-02 14:30:00+00:00,2026-08-28 20:00:00+00:00
AMAL,114723,2020-11-02 14:30:00+00:00,2026-08-28 20:00:00+00:00
BFST,114641,2020-11-02 14:30:00+00:00,2026-08-28 20:00:00+00:00
CCNE,114659,2020-11-02 14:30:00+00:00,2026-08-28 20:00:00+00:00
SYBT,114592,2020-11-02 14:30:00+00:00,2026-08-28 20:00:00+00:00
MCBS,114400,2020-11-02 14:30:00+00:00,2026-08-28 20:00:00+00:00
UVSP,114570,2020-11-02 14:30:00+00:00,2026-08-28 20:00:00+00:00
FSUN,79358,2022-08-03 18:45:00+00:00,2026-08-28 20:00:00+00:00
BWB,114695,2020-11-02 14:30:00+00:00,2026-08-28 20:00:00+00:00
CPF,114681,2020-11-02 14:30:00+00:00,2026-08-28 20:00:00+00:00
LKFN,114565,2020-11-02 14:30:00+00:00,2026-08-28 20:00:00+00:00
PBFS,114208,2020-11-02 14:30:00+00:00,2026-08-28 20:00:00+00:00
WABC,114621,2020-11-02 14:30:00+00:00,2026-08-28 20:00:00+00:00
FRBA,114357,2020-11-02 14:30:00+00:00,2026-08-28 20:00:00+00:00
FRST,114536,2020-11-02 14:30:00+00:00,2026-08-28 20:00:00+00:00
SRCE,114535,2020-11-02 14:30:00+00:00,2026-08-28 20:00:00+00:00
FMBH,114478,2020-11-02 14:30:00+00:00,2026-08-28 20:00:00+00:00
PDLB,114402,2020-11-02 14:30:00+00:00,2026-08-28 20:00:00+00:00
TFIN,73624,2022-12-02 14:30:00+00:00,2026-08-28 20:00:00+00:00
MPB,114617,2020-11-02 14:30:00+00:00,2026-08-28 20:00:00+00:00
CASH,114761,2020-11-02 14:30:00+00:00,2026-08-28 20:00:00+00:00
NRIM,114667,2020-11-02 14:30:00+00:00,2026-08-28 20:00:00+00:00
CARE,114616,2020-11-02 14:30:00+00:00,2026-08-28 20:00:00+00:00
MSBI,114740,2020-11-02 14:30:00+00:00,2026-08-28 20:00:00+00:00
FSBC,104756,2021-05-05 13:40:00+00:00,2026-08-28 20:00:00+00:00
CBAN,114533,2020-11-02 14:30:00+00:00,2026-08-28 20:00:00+00:00
RVSB,114382,2020-11-02 14:30:00+00:00,2026-08-28 20:00:00+00:00
CIVB,114702,2020-11-02 14:30:00+00:00,2026-08-28 20:00:00+00:00
IBCP,114661,2020-11-02 14:30:00+00:00,2026-08-28 20:00:00+00:00
WNEB,114381,2020-11-02 14:30:00+00:00,2026-08-28 20:00:00+00:00
FISI,114638,2020-11-02 14:30:00+00:00,2026-08-28 20:00:00+00:00
FBLA,35887,2024-10-23 14:45:00+00:00,2026-08-28 20:00:00+00:00
RBCAA,114255,2020-11-02 14:30:00+00:00,2026-08-28 20:00:00+00:00
