generator,synth_years,ticker,mae,mse,directional_accuracy
rbig,2.0,BAC,0.0110312094911932,0.0002056869707303,0.5573770491803278
rbig,2.0,WFC,0.0137441819533705,0.0003123272908851,0.4590163934426229
rbig,2.0,JPM,0.0116032045334577,0.0002370351285208,0.5081967213114754
rbig,2.0,C,0.0149937979876995,0.0004085557884536,0.4426229508196721
rbig,2.0,HBAN,0.0133358687162399,0.0003066117642447,0.5
rbig,2.0,USB,0.0108320424333214,0.0002054361393675,0.4590163934426229
rbig,2.0,TFC,0.0114928064867854,0.0002196046698372,0.5491803278688525
rbig,2.0,KEY,0.0117532880976796,0.0002284497459186,0.4754098360655737
rbig,2.0,RF,0.0120397983118891,0.000244934199145,0.5819672131147541
rbig,2.0,FITB,0.0130119500681757,0.0003062502364628,0.5081967213114754
rbig,2.0,VLY,0.012469882145524,0.0002762782678473,0.4508196721311475
rbig,2.0,FHN,0.0113215111196041,0.0002333947923034,0.4672131147540984
rbig,2.0,PNC,0.0107740676030516,0.0002042661071754,0.5081967213114754
rbig,2.0,WAFD,0.0103412130847573,0.0002406626299489,0.4590163934426229
rbig,2.0,FNB,0.0113243190571665,0.0002391352754784,0.4672131147540984
rbig,2.0,FULT,0.0126691665500402,0.0002794777392409,0.4426229508196721
rbig,2.0,ASB,0.0122176920995116,0.0002544019953347,0.4590163934426229
rbig,2.0,WBS,0.0095120500773191,0.0001978786021936,0.4836065573770491
rbig,2.0,MTB,0.0108074527233839,0.000189734113519,0.5327868852459017
rbig,2.0,ZION,0.0125260464847087,0.0002848198346327,0.5737704918032787
rbig,2.0,BOH,0.0117095988243818,0.0002381711819907,0.5245901639344263
rbig,2.0,UBSI,0.0100779123604297,0.0001965043484233,0.4754098360655737
rbig,2.0,CVBF,0.0119313430041074,0.0002398636279394,0.4754098360655737
rbig,2.0,CBSH,0.0098892664536833,0.0001889707345981,0.4590163934426229
rbig,2.0,GBCI,0.013574699871242,0.0003212550946045,0.4426229508196721
gan,2.0,BAC,0.0110328793525695,0.0002056776866083,0.5573770491803278
gan,2.0,WFC,0.0137508492916822,0.0003121975169051,0.4590163934426229
gan,2.0,JPM,0.0116032045334577,0.0002370351576246,0.5081967213114754
gan,2.0,C,0.0149927614256739,0.0004085257533006,0.4426229508196721
gan,2.0,HBAN,0.0133366156369447,0.0003066071658395,0.4836065573770491
gan,2.0,USB,0.0108329113572835,0.0002054581709671,0.4590163934426229
gan,2.0,TFC,0.0114904083311557,0.0002196044952142,0.5491803278688525
gan,2.0,KEY,0.0117529900744557,0.0002284336078446,0.4754098360655737
gan,2.0,RF,0.0120395245030522,0.0002449317835271,0.5819672131147541
gan,2.0,FITB,0.0130107877776026,0.0003061711613554,0.5081967213114754
gan,2.0,VLY,0.0124741569161415,0.0002764083619695,0.4508196721311475
gan,2.0,FHN,0.0113186445087194,0.0002333305310457,0.4672131147540984
gan,2.0,PNC,0.0107740741223096,0.000204267213121,0.5081967213114754
gan,2.0,WAFD,0.0103462897241115,0.0002407999709248,0.4590163934426229
gan,2.0,FNB,0.0113222543150186,0.0002391067246207,0.4672131147540984
gan,2.0,FULT,0.012671859934926,0.0002795605105347,0.4426229508196721
gan,2.0,ASB,0.0121895866468548,0.000253886450082,0.4590163934426229
gan,2.0,WBS,0.0095122326165437,0.000197894507437,0.4836065573770491
gan,2.0,MTB,0.010807785205543,0.0001897427719086,0.5327868852459017
gan,2.0,ZION,0.0125267310068011,0.0002848269650712,0.5737704918032787
gan,2.0,BOH,0.0117116505280137,0.0002380502701271,0.5245901639344263
gan,2.0,UBSI,0.0100819449871778,0.0001966013951459,0.4754098360655737
gan,2.0,CVBF,0.0119276978075504,0.0002397398347966,0.4754098360655737
gan,2.0,CBSH,0.0098865814507007,0.0001889824779937,0.4590163934426229
gan,2.0,GBCI,0.013577071018517,0.0003213098971173,0.4426229508196721
rbig,10.0,BAC,0.0109956609085202,0.0002060585393337,0.5573770491803278
rbig,10.0,WFC,0.0137152234092354,0.0003140046901535,0.5409836065573771
rbig,10.0,JPM,0.0116178663447499,0.000238245978835,0.5081967213114754
rbig,10.0,C,0.0149275092408061,0.0004068756243214,0.5573770491803278
rbig,10.0,HBAN,0.0133475884795188,0.0003075911372434,0.5
rbig,10.0,USB,0.0107588693499565,0.0002039504033746,0.5409836065573771
rbig,10.0,TFC,0.0114709371700882,0.0002196468703914,0.5491803278688525
rbig,10.0,KEY,0.0117095876485109,0.0002268833923153,0.5245901639344263
rbig,10.0,RF,0.0118438424542546,0.000244745024247,0.5819672131147541
rbig,10.0,FITB,0.0130002414807677,0.0003059119335375,0.5081967213114754
rbig,10.0,VLY,0.0123630575835704,0.000271981669357,0.5327868852459017
rbig,10.0,FHN,0.011296322569251,0.0002328917471459,0.5245901639344263
rbig,10.0,PNC,0.0107739549130201,0.0002030944888247,0.5081967213114754
rbig,10.0,WAFD,0.0103149004280567,0.0002399511577095,0.4590163934426229
rbig,10.0,FNB,0.0113031426444649,0.0002394206967437,0.5163934426229508
rbig,10.0,FULT,0.0126146031543612,0.0002778524067252,0.5409836065573771
rbig,10.0,ASB,0.0121353734284639,0.0002528686309233,0.5245901639344263
rbig,10.0,WBS,0.0094976117834448,0.0001937963679665,0.5081967213114754
rbig,10.0,MTB,0.0107794729992747,0.0001890057756099,0.5327868852459017
rbig,10.0,ZION,0.0124580990523099,0.0002842749236151,0.5737704918032787
rbig,10.0,BOH,0.0117644891142845,0.0002363889216212,0.4754098360655737
rbig,10.0,UBSI,0.009970529936254,0.000192642037291,0.5081967213114754
rbig,10.0,CVBF,0.011902910657227,0.0002390465233474,0.5081967213114754
rbig,10.0,CBSH,0.0098590413108468,0.0001907844125526,0.5245901639344263
rbig,10.0,GBCI,0.0134970154613256,0.000319807237247,0.5491803278688525
gan,10.0,BAC,0.0109979333356022,0.0002060209226328,0.5573770491803278
gan,10.0,WFC,0.0137149160727858,0.0003140630724374,0.5409836065573771
gan,10.0,JPM,0.0116191422566771,0.0002383176470175,0.5081967213114754
gan,10.0,C,0.0149211380630731,0.0004066805704496,0.5573770491803278
gan,10.0,HBAN,0.0133470250293612,0.0003075574059039,0.5
gan,10.0,USB,0.0107586653903126,0.0002039477112703,0.5409836065573771
gan,10.0,TFC,0.0114677343517541,0.000219661349547,0.5491803278688525
gan,10.0,KEY,0.0117149269208312,0.0002269900578539,0.5245901639344263
gan,10.0,RF,0.011845551431179,0.0002447319275233,0.5819672131147541
gan,10.0,FITB,0.0130002386868,0.0003059119626414,0.5081967213114754
gan,10.0,VLY,0.0123624512925744,0.0002719565236475,0.5327868852459017
gan,10.0,FHN,0.0112960981205105,0.0002328893606318,0.5245901639344263
gan,10.0,PNC,0.0107739549130201,0.000203096496989,0.5081967213114754
gan,10.0,WAFD,0.010306536220014,0.0002397447533439,0.5327868852459017
gan,10.0,FNB,0.0113172214478254,0.0002398116484982,0.5163934426229508
gan,10.0,FULT,0.0126152327284216,0.0002778708585537,0.5409836065573771
gan,10.0,ASB,0.0121372565627098,0.0002529027988202,0.5245901639344263
gan,10.0,WBS,0.0094962874427437,0.0001938258646987,0.5081967213114754
gan,10.0,MTB,0.0107794720679521,0.0001890065468614,0.5327868852459017
gan,10.0,ZION,0.0124540515244007,0.0002842603716999,0.5737704918032787
gan,10.0,BOH,0.0117639731615781,0.0002363966632401,0.4754098360655737
gan,10.0,UBSI,0.009970529936254,0.0001926221448229,0.5081967213114754
gan,10.0,CVBF,0.0119027299806475,0.0002390377339906,0.5081967213114754
gan,10.0,CBSH,0.0098603395745158,0.0001910762075567,0.5245901639344263
gan,10.0,GBCI,0.0134983966127038,0.0003198301128577,0.5491803278688525
noise,10.0,BAC,0.010997150093317,0.0002060337283182,0.5573770491803278
noise,10.0,WFC,0.0137135768309235,0.0003143248613923,0.5409836065573771
noise,10.0,JPM,0.0116195399314165,0.0002383402024861,0.5081967213114754
noise,10.0,C,0.0149205895140767,0.0004066646215505,0.5573770491803278
noise,10.0,HBAN,0.0133447339758276,0.0003074259147979,0.5
noise,10.0,USB,0.0107588237151503,0.0002039497921941,0.5409836065573771
noise,10.0,TFC,0.0114631857722997,0.0002196897694375,0.5491803278688525
noise,10.0,KEY,0.0117147481068968,0.0002269861142849,0.5245901639344263
noise,10.0,RF,0.0118440110236406,0.0002447437436785,0.5819672131147541
noise,10.0,FITB,0.0130003374069929,0.000305910652969,0.5081967213114754
noise,10.0,VLY,0.0123615581542253,0.0002719197655096,0.5327868852459017
noise,10.0,FHN,0.0112919462844729,0.0002328524424228,0.5245901639344263
noise,10.0,PNC,0.0107739539816975,0.0002030827017733,0.5081967213114754
noise,10.0,WAFD,0.0103109562769532,0.0002398576471023,0.4590163934426229
noise,10.0,FNB,0.0113141424953937,0.0002397249627392,0.5163934426229508
noise,10.0,FULT,0.0126143600791692,0.0002778452762868,0.5409836065573771
noise,10.0,ASB,0.0121341319754719,0.0002528476761654,0.5245901639344263
noise,10.0,WBS,0.0094982404261827,0.0001937827037181,0.5081967213114754
noise,10.0,MTB,0.0107794739305973,0.0001890058483695,0.5327868852459017
noise,10.0,ZION,0.0124500207602977,0.000284249195829,0.5737704918032787
noise,10.0,BOH,0.0117662269622087,0.0002363632520427,0.4754098360655737
noise,10.0,UBSI,0.009970529936254,0.0001925809483509,0.5081967213114754
noise,10.0,CVBF,0.0119005125015974,0.0002389496512478,0.5081967213114754
noise,10.0,CBSH,0.0098590403795242,0.000190851962543,0.5245901639344263
noise,10.0,GBCI,0.0134980985894799,0.000319825077895,0.5491803278688525
noise,5.0,BAC,0.0109968688338994,0.0002060383412754,0.5573770491803278
noise,5.0,WFC,0.0137243624776601,0.000312972057145,0.5409836065573771
noise,5.0,JPM,0.0116028357297182,0.0002369989815633,0.5081967213114754
noise,5.0,C,0.0149385994300246,0.0004071501025464,0.5573770491803278
noise,5.0,HBAN,0.0133433928713202,0.0003073535044677,0.5
noise,5.0,USB,0.0107742017135024,0.0002041974948951,0.5409836065573771
noise,5.0,TFC,0.011449503712356,0.0002198317815782,0.5491803278688525
noise,5.0,KEY,0.011721764691174,0.0002271611156174,0.5245901639344263
noise,5.0,RF,0.01192291919142,0.0002444194687996,0.5819672131147541
noise,5.0,FITB,0.0130002675577998,0.0003059115551877,0.5081967213114754
noise,5.0,VLY,0.0123681481927633,0.0002721995697356,0.5327868852459017
noise,5.0,FHN,0.0112968115136027,0.0002328971168026,0.5245901639344263
noise,5.0,PNC,0.0107739558443427,0.0002036548394244,0.5081967213114754
noise,5.0,WAFD,0.010314074344933,0.000239931163378,0.4590163934426229
noise,5.0,FNB,0.0113020502030849,0.0002390624431427,0.5163934426229508
noise,5.0,FULT,0.0126335714012384,0.000278461491689,0.5409836065573771
noise,5.0,ASB,0.0121370777487754,0.0002528995100874,0.5245901639344263
noise,5.0,WBS,0.0094840340316295,0.0001942541566677,0.5081967213114754
noise,5.0,MTB,0.0107825063169002,0.0001890326529974,0.5327868852459017
noise,5.0,ZION,0.0124491769820451,0.0002842473331838,0.5737704918032787
noise,5.0,BOH,0.0117335375398397,0.0002370505535509,0.4754098360655737
noise,5.0,UBSI,0.0099729588255286,0.0001933244348037,0.5081967213114754
noise,5.0,CVBF,0.0119071472436189,0.0002391408052062,0.4754098360655737
noise,5.0,CBSH,0.0098656360059976,0.0001893813459901,0.5245901639344263
noise,5.0,GBCI,0.0135133378207683,0.0003200792707502,0.5491803278688525
rbig,5.0,BAC,0.0110001396387815,0.0002059859252767,0.5573770491803278
rbig,5.0,WFC,0.0137170394882559,0.0003136751183774,0.5409836065573771
rbig,5.0,JPM,0.0116028198972344,0.0002369615976931,0.5081967213114754
rbig,5.0,C,0.0149337369948625,0.0004070363065693,0.5573770491803278
rbig,5.0,HBAN,0.0133427698165178,0.0003073209954891,0.5
rbig,5.0,USB,0.0107683595269918,0.0002041084662778,0.5409836065573771
rbig,5.0,TFC,0.0114611703902482,0.0002197047288063,0.5491803278688525
rbig,5.0,KEY,0.0117291929200291,0.0002273907157359,0.5245901639344263
rbig,5.0,RF,0.0119247585535049,0.0002444187412038,0.5819672131147541
rbig,5.0,FITB,0.0130000077188014,0.000305915629724,0.5081967213114754
rbig,5.0,VLY,0.0123776597902178,0.0002726388338487,0.5327868852459017
rbig,5.0,FHN,0.0112967202439904,0.0002328960981685,0.5245901639344263
rbig,5.0,PNC,0.0107739539816975,0.0002036596415564,0.5081967213114754
rbig,5.0,WAFD,0.0103170061483979,0.0002400029334239,0.4590163934426229
rbig,5.0,FNB,0.0113020511344075,0.0002390935842413,0.5163934426229508
rbig,5.0,FULT,0.0126038333401083,0.0002775542088784,0.5409836065573771
rbig,5.0,ASB,0.0121407629922032,0.000252974423347,0.5245901639344263
rbig,5.0,WBS,0.0094835637137293,0.0001943115348694,0.5081967213114754
rbig,5.0,MTB,0.0107817091047763,0.0001890187268145,0.5327868852459017
rbig,5.0,ZION,0.0124478517100214,0.0002842446556314,0.5737704918032787
rbig,5.0,BOH,0.0117344204336404,0.0002370232687098,0.4754098360655737
rbig,5.0,UBSI,0.0099724857136607,0.0001932549494085,0.5081967213114754
rbig,5.0,CVBF,0.0119048980996012,0.0002390964800724,0.4754098360655737
rbig,5.0,CBSH,0.0098646450787782,0.0001894649321911,0.5245901639344263
rbig,5.0,GBCI,0.0135102272033691,0.0003200240607839,0.5491803278688525
rbig,1.0,BAC,0.010994479060173,0.0002060786500805,0.5573770491803278
rbig,1.0,WFC,0.0137105276808142,0.0003149704134557,0.5409836065573771
rbig,1.0,JPM,0.0116200037300586,0.0002383668033871,0.5081967213114754
rbig,1.0,C,0.0148979676887393,0.0004061301297042,0.5573770491803278
rbig,1.0,HBAN,0.0133364172652363,0.0003066076315008,0.4836065573770491
rbig,1.0,USB,0.0108057493343949,0.000204779964406,0.5409836065573771
rbig,1.0,TFC,0.01146184746176,0.0002196995919803,0.5491803278688525
rbig,1.0,KEY,0.0117198098450899,0.0002271082630613,0.5245901639344263
rbig,1.0,RF,0.0119250426068902,0.0002444186538923,0.5819672131147541
rbig,1.0,FITB,0.0130107412114739,0.0003061680181417,0.5081967213114754
rbig,1.0,VLY,0.0124518163502216,0.0002756371104624,0.4508196721311475
rbig,1.0,FHN,0.0113022001460194,0.0002329694689251,0.5245901639344263
rbig,1.0,PNC,0.0107739539816975,0.0002032081247307,0.5081967213114754
rbig,1.0,WAFD,0.0103735802695155,0.0002415838680462,0.4590163934426229
rbig,1.0,FNB,0.0113020511344075,0.0002390147128608,0.5163934426229508
rbig,1.0,FULT,0.0126257603988051,0.0002781976945698,0.5409836065573771
rbig,1.0,ASB,0.0121520049870014,0.0002531817299313,0.4590163934426229
rbig,1.0,WBS,0.0094825820997357,0.0001944469113368,0.5081967213114754
rbig,1.0,MTB,0.0107823405414819,0.0001890294079203,0.5327868852459017
rbig,1.0,ZION,0.0124698802828788,0.0002843365364242,0.5737704918032787
rbig,1.0,BOH,0.0117245474830269,0.0002373698516748,0.4754098360655737
rbig,1.0,UBSI,0.0100486259907484,0.0001958295033546,0.4754098360655737
rbig,1.0,CVBF,0.0119199221953749,0.0002394721668679,0.4754098360655737
rbig,1.0,CBSH,0.0099065713584423,0.000188946549315,0.4590163934426229
rbig,1.0,GBCI,0.0135528668761253,0.0003207903646398,0.4426229508196721
solo_reales,0.0,BAC,0.0110074095427989,0.0002058807731373,0.5573770491803278
solo_reales,0.0,WFC,0.0137106413021683,0.0003149453259538,0.5409836065573771
solo_reales,0.0,JPM,0.0116268722340464,0.0002386837004451,0.5081967213114754
solo_reales,0.0,C,0.0150637617334723,0.0004106660198885,0.4426229508196721
solo_reales,0.0,HBAN,0.0133648961782455,0.0003069683152716,0.4836065573770491
solo_reales,0.0,USB,0.0108130881562829,0.0002049558243015,0.4590163934426229
solo_reales,0.0,TFC,0.0115147102624177,0.0002196615532739,0.5491803278688525
solo_reales,0.0,KEY,0.0117080882191658,0.0002268576499773,0.5245901639344263
solo_reales,0.0,RF,0.0117770554497838,0.0002459813549648,0.5819672131147541
solo_reales,0.0,FITB,0.013013819232583,0.0003063987824134,0.5081967213114754
solo_reales,0.0,VLY,0.0123536074534058,0.0002702262136153,0.5327868852459017
solo_reales,0.0,FHN,0.011293726041913,0.0002334136661374,0.5245901639344263
solo_reales,0.0,PNC,0.0107773980125784,0.000204709751415,0.4918032786885246
solo_reales,0.0,WAFD,0.0102983433753252,0.0002395389892626,0.5327868852459017
solo_reales,0.0,FNB,0.0113020511344075,0.000239045737544,0.5163934426229508
solo_reales,0.0,FULT,0.0125745953992009,0.0002767059486359,0.5409836065573771
solo_reales,0.0,ASB,0.0121139204129576,0.0002527182223275,0.5245901639344263
solo_reales,0.0,WBS,0.0095787392929196,0.000193320098333,0.5081967213114754
solo_reales,0.0,MTB,0.0107992338016629,0.0001898535847431,0.5327868852459017
solo_reales,0.0,ZION,0.0123774399980902,0.00028496896266,0.5737704918032787
solo_reales,0.0,BOH,0.0117793697863817,0.0002362291852477,0.4754098360655737
solo_reales,0.0,UBSI,0.009970529936254,0.000192941253772,0.5081967213114754
solo_reales,0.0,CVBF,0.0119207371026277,0.0002397511852905,0.5081967213114754
solo_reales,0.0,CBSH,0.0098698604851961,0.000189161466551,0.5245901639344263
solo_reales,0.0,GBCI,0.0134867392480373,0.0003196624456904,0.5491803278688525
gaussian,10.0,BAC,0.0109953535720705,0.0002060637198155,0.5573770491803278
gaussian,10.0,WFC,0.0137134985998272,0.000314340373734,0.5409836065573771
gaussian,10.0,JPM,0.0116196442395448,0.000238346226979,0.5081967213114754
gaussian,10.0,C,0.0149211306124925,0.000406680337619,0.5573770491803278
gaussian,10.0,HBAN,0.0133525263518095,0.0003079127927776,0.5
gaussian,10.0,USB,0.0107590081170201,0.0002039522660197,0.5409836065573771
gaussian,10.0,TFC,0.0114697171375155,0.0002196521381847,0.5491803278688525
gaussian,10.0,KEY,0.0117160053923726,0.0002270144759677,0.5245901639344263
gaussian,10.0,RF,0.0118426959961652,0.0002447550650686,0.5819672131147541
gaussian,10.0,FITB,0.0130014372989535,0.0003058997390326,0.5081967213114754
gaussian,10.0,VLY,0.0123608633875846,0.0002718915056902,0.5327868852459017
gaussian,10.0,FHN,0.0112904170528054,0.0002328424452571,0.5245901639344263
gaussian,10.0,PNC,0.0107739549130201,0.0002030931500485,0.5081967213114754
gaussian,10.0,WAFD,0.0103143630549311,0.0002399381191935,0.4590163934426229
gaussian,10.0,FNB,0.0113084847107529,0.0002395770861767,0.5163934426229508
gaussian,10.0,FULT,0.0126165058463811,0.0002779086062218,0.5409836065573771
gaussian,10.0,ASB,0.0121253216639161,0.0002527289907447,0.5245901639344263
gaussian,10.0,WBS,0.0094969775527715,0.0001938104251166,0.5081967213114754
gaussian,10.0,MTB,0.0107794739305973,0.0001890059502329,0.5327868852459017
gaussian,10.0,ZION,0.0124550918117165,0.0002842638059519,0.5737704918032787
gaussian,10.0,BOH,0.0117656188085675,0.000236372128711,0.4754098360655737
gaussian,10.0,UBSI,0.009970529936254,0.0001926140830619,0.5081967213114754
gaussian,10.0,CVBF,0.0119012081995606,0.0002389733272138,0.5081967213114754
gaussian,10.0,CBSH,0.0098590413108468,0.0001907684782054,0.5245901639344263
gaussian,10.0,GBCI,0.0135037302970886,0.0003199180937372,0.5491803278688525
gaussian,5.0,BAC,0.0109935458749532,0.000206094875466,0.5573770491803278
gaussian,5.0,WFC,0.0137244910001754,0.0003129660035483,0.5409836065573771
gaussian,5.0,JPM,0.0116028198972344,0.000236963678617,0.5081967213114754
gaussian,5.0,C,0.0149399684742093,0.0004071831062901,0.5573770491803278
gaussian,5.0,HBAN,0.0133440736681222,0.0003073898260481,0.5
gaussian,5.0,USB,0.0107733318582177,0.0002041832194663,0.5409836065573771
gaussian,5.0,TFC,0.011460275389254,0.0002197117864852,0.5491803278688525
gaussian,5.0,KEY,0.0117287542670965,0.0002273758727824,0.5245901639344263
gaussian,5.0,RF,0.0119277630001306,0.000244418188231,0.5819672131147541
gaussian,5.0,FITB,0.0130002377554774,0.0003059119917452,0.5081967213114754
gaussian,5.0,VLY,0.0123897977173328,0.0002730760315898,0.4508196721311475
gaussian,5.0,FHN,0.0112966326996684,0.0002328951377421,0.5245901639344263
gaussian,5.0,PNC,0.0107739549130201,0.0002036561490967,0.5081967213114754
gaussian,5.0,WAFD,0.0103074694052338,0.0002397701755398,0.5327868852459017
gaussian,5.0,FNB,0.01130205206573,0.0002390754671068,0.5163934426229508
gaussian,5.0,FULT,0.0126499515026807,0.0002789194404613,0.4426229508196721
gaussian,5.0,ASB,0.0121396724134683,0.000252951082075,0.5245901639344263
gaussian,5.0,WBS,0.0094829108566045,0.0001943943207152,0.5081967213114754
gaussian,5.0,MTB,0.0107819996774196,0.000189023281564,0.5327868852459017
gaussian,5.0,ZION,0.0124473851174116,0.0002842437825165,0.5737704918032787
gaussian,5.0,BOH,0.0117328874766826,0.0002370709407841,0.4754098360655737
gaussian,5.0,UBSI,0.0099735530093312,0.0001934140600496,0.5081967213114754
gaussian,5.0,CVBF,0.0119100026786327,0.0002392031310591,0.4754098360655737
gaussian,5.0,CBSH,0.0098638851195573,0.0001895341119961,0.5245901639344263
gaussian,5.0,GBCI,0.0135286385193467,0.0003203407395631,0.5491803278688525
gan,5.0,BAC,0.0109945908188819,0.0002060767583316,0.5573770491803278
gan,5.0,WFC,0.0137170758098363,0.0003136689774692,0.5409836065573771
gan,5.0,JPM,0.011602827347815,0.0002369982539676,0.5081967213114754
gan,5.0,C,0.0149325905367732,0.0004070102004334,0.5573770491803278
gan,5.0,HBAN,0.0133436154574155,0.0003073652624152,0.5
gan,5.0,USB,0.0107666160911321,0.000204084732104,0.5409836065573771
gan,5.0,TFC,0.0114629697054624,0.0002196912973886,0.5491803278688525
gan,5.0,KEY,0.0117293056100606,0.0002273946010973,0.5245901639344263
gan,5.0,RF,0.0119244679808616,0.0002444188285153,0.5819672131147541
gan,5.0,FITB,0.0130148772150278,0.0003064942720811,0.5081967213114754
gan,5.0,VLY,0.0123767284676432,0.0002725938975345,0.5327868852459017
gan,5.0,FHN,0.0112963654100894,0.0002328921837033,0.5245901639344263
gan,5.0,PNC,0.0107739558443427,0.0002033871860476,0.5081967213114754
gan,5.0,WAFD,0.0103116175159811,0.0002398729557171,0.4590163934426229
gan,5.0,FNB,0.0113119604066014,0.0002389371511526,0.5163934426229508
gan,5.0,FULT,0.0126337734982371,0.000278468534816,0.5409836065573771
gan,5.0,ASB,0.0121404072269797,0.0002529666817281,0.5245901639344263
gan,5.0,WBS,0.0094832759350538,0.0001943477109307,0.5081967213114754
gan,5.0,MTB,0.0107822073623538,0.000189026875887,0.5327868852459017
gan,5.0,ZION,0.0124459499493241,0.0002842414251063,0.5737704918032787
gan,5.0,BOH,0.0117346029728651,0.0002370177244301,0.4754098360655737
gan,5.0,UBSI,0.0099740885198116,0.0001934970205184,0.5081967213114754
gan,5.0,CVBF,0.0119104720652103,0.0002392140449956,0.4754098360655737
gan,5.0,CBSH,0.0098643517121672,0.0001894911692943,0.5245901639344263
gan,5.0,GBCI,0.0135312173515558,0.0003203888772986,0.5491803278688525
gan,1.0,BAC,0.0109949382022023,0.0002060708065982,0.5573770491803278
gan,1.0,WFC,0.0137108052149415,0.0003149089170619,0.5409836065573771
gan,1.0,JPM,0.0116188814863562,0.0002383029204793,0.5081967213114754
gan,1.0,C,0.0148984063416719,0.0004061382496729,0.5573770491803278
gan,1.0,HBAN,0.013342753984034,0.0003066297795157,0.4836065573770491
gan,1.0,USB,0.0107987271621823,0.0002046267036348,0.5409836065573771
gan,1.0,TFC,0.0114529645070433,0.000219784269575,0.5491803278688525
gan,1.0,KEY,0.0117202149704098,0.0002271189296152,0.5245901639344263
gan,1.0,RF,0.0119398841634392,0.0002444244746584,0.5819672131147541
gan,1.0,FITB,0.0130113130435347,0.0003062055329792,0.5081967213114754
gan,1.0,VLY,0.0124541521072387,0.0002757330948952,0.4508196721311475
gan,1.0,FHN,0.0113013936206698,0.0002329570706933,0.5245901639344263
gan,1.0,PNC,0.0107739549130201,0.0002032090123975,0.5081967213114754
gan,1.0,WAFD,0.0103724719956517,0.00024155266874,0.4590163934426229
gan,1.0,FNB,0.0113020502030849,0.000238995795371,0.5163934426229508
gan,1.0,FULT,0.0126163521781563,0.0002779040951281,0.5409836065573771
gan,1.0,ASB,0.0121545828878879,0.0002532270445954,0.4590163934426229
gan,1.0,WBS,0.0094826165586709,0.0001944323448697,0.5081967213114754
gan,1.0,MTB,0.0107820201665163,0.0001890236453618,0.5327868852459017
gan,1.0,ZION,0.0124747725203633,0.0002843675028998,0.5737704918032787
gan,1.0,BOH,0.0117220766842365,0.0002374894829699,0.4754098360655737
gan,1.0,UBSI,0.0100319096818566,0.0001954336476046,0.4754098360655737
gan,1.0,CVBF,0.0119173917919397,0.0002393957693129,0.4754098360655737
gan,1.0,CBSH,0.0099024828523397,0.0001889442210085,0.4590163934426229
gan,1.0,GBCI,0.0135485148057341,0.0003207064291927,0.4426229508196721
noise,24.0,BAC,0.0110498396679759,0.0002056130033452,0.4344262295081967
noise,24.0,WFC,0.0137523626908659,0.0003121699264738,0.4590163934426229
noise,24.0,JPM,0.0116061810404062,0.0002363843814237,0.4918032786885246
noise,24.0,C,0.015084353275597,0.0004113033355679,0.4426229508196721
noise,24.0,HBAN,0.0133469412103295,0.000306675734464,0.4836065573770491
noise,24.0,USB,0.010826208628714,0.0002052927593467,0.4590163934426229
noise,24.0,TFC,0.0114536741748452,0.000219775174628,0.5491803278688525
noise,24.0,KEY,0.0117181250825524,0.0002270652621518,0.5245901639344263
noise,24.0,RF,0.012064010836184,0.0002451681648381,0.4180327868852459
noise,24.0,FITB,0.0130086187273263,0.0003060501767322,0.5081967213114754
noise,24.0,VLY,0.012389849871397,0.0002730779524426,0.4508196721311475
noise,24.0,FHN,0.0112810526043176,0.0002330603747395,0.5245901639344263
noise,24.0,PNC,0.0107739539816975,0.0002039146493189,0.5081967213114754
noise,24.0,WAFD,0.0103058498352766,0.0002397263306193,0.5327868852459017
noise,24.0,FNB,0.0113020511344075,0.000238958367845,0.5163934426229508
noise,24.0,FULT,0.0125977229326963,0.0002774003951344,0.5409836065573771
noise,24.0,ASB,0.0121230669319629,0.0002527050382923,0.5245901639344263
noise,24.0,WBS,0.0094906641170382,0.0001939599751494,0.5081967213114754
noise,24.0,MTB,0.0107983890920877,0.0001894849847303,0.5327868852459017
noise,24.0,ZION,0.0125056905671954,0.0002846138959284,0.5737704918032787
noise,24.0,BOH,0.0117302015423774,0.0002371570008108,0.4754098360655737
noise,24.0,UBSI,0.0099735734984278,0.0001934171013999,0.5081967213114754
noise,24.0,CVBF,0.0119057819247245,0.0002391133893979,0.4754098360655737
noise,24.0,CBSH,0.0098595283925533,0.0001900129427667,0.5245901639344263
noise,24.0,GBCI,0.0134913902729749,0.0003197230107616,0.5491803278688525
rbig,24.0,BAC,0.0110601587221026,0.0002055906224995,0.4344262295081967
rbig,24.0,WFC,0.0137630151584744,0.0003119948378298,0.4590163934426229
rbig,24.0,JPM,0.0116059724241495,0.0002363873500144,0.4918032786885246
rbig,24.0,C,0.0150800524279475,0.0004111669259145,0.4426229508196721
rbig,24.0,HBAN,0.0133380377665162,0.0003066061763092,0.4836065573770491
rbig,24.0,USB,0.010828691534698,0.0002053529460681,0.4590163934426229
rbig,24.0,TFC,0.0114557156339287,0.0002197513531427,0.5491803278688525
rbig,24.0,KEY,0.0117201590910553,0.0002271174598718,0.5245901639344263
rbig,24.0,RF,0.0120636206120252,0.000245164061198,0.4180327868852459
rbig,24.0,FITB,0.0130092576146125,0.0003060822200495,0.5081967213114754
rbig,24.0,VLY,0.0124009614810347,0.0002734791487455,0.4508196721311475
rbig,24.0,FHN,0.0112859047949314,0.0002331941504962,0.5245901639344263
rbig,24.0,PNC,0.0107739558443427,0.0002039586688624,0.5081967213114754
rbig,24.0,WAFD,0.0102980472147464,0.0002395321353105,0.5327868852459017
rbig,24.0,FNB,0.0113124540075659,0.0002389417786616,0.5163934426229508
rbig,24.0,FULT,0.0126272561028599,0.0002782467345241,0.5409836065573771
rbig,24.0,ASB,0.0121193258091807,0.000252686208114,0.5245901639344263
rbig,24.0,WBS,0.0095055541023612,0.0001936368935275,0.5081967213114754
rbig,24.0,MTB,0.0107962554320693,0.0001894267479656,0.5327868852459017
rbig,24.0,ZION,0.012509730644524,0.0002846527204383,0.5737704918032787
rbig,24.0,BOH,0.0117303421720862,0.0002371523441979,0.4754098360655737
rbig,24.0,UBSI,0.0099725415930151,0.0001932630402734,0.5081967213114754
rbig,24.0,CVBF,0.0119064729660749,0.0002391270681982,0.4754098360655737
rbig,24.0,CBSH,0.0098600974306464,0.0001899422786664,0.5245901639344263
rbig,24.0,GBCI,0.0134987439960241,0.0003198360209353,0.5491803278688525
noise,2.0,BAC,0.0110346721485257,0.0002056684170383,0.4344262295081967
noise,2.0,WFC,0.0137515161186456,0.0003121852932963,0.4590163934426229
noise,2.0,JPM,0.01160320173949,0.0002370348956901,0.5081967213114754
noise,2.0,C,0.0149882221594452,0.0004083959502168,0.5573770491803278
noise,2.0,HBAN,0.013335870578885,0.0003066162171307,0.5
noise,2.0,USB,0.0108321039006114,0.0002054376964224,0.4590163934426229
noise,2.0,TFC,0.0114932730793952,0.000219604873564,0.5491803278688525
noise,2.0,KEY,0.0117535386234521,0.0002284632209921,0.4754098360655737
noise,2.0,RF,0.0120402788743376,0.0002449383900966,0.5819672131147541
noise,2.0,FITB,0.0130107961595058,0.0003061717143282,0.5081967213114754
noise,2.0,VLY,0.0124728744849562,0.0002763692173175,0.4508196721311475
noise,2.0,FHN,0.01131840236485,0.0002333252487005,0.4672131147540984
noise,2.0,PNC,0.0107743181288242,0.0002042997512035,0.5081967213114754
noise,2.0,WAFD,0.0103463679552078,0.0002408021537121,0.4590163934426229
noise,2.0,FNB,0.0113240201026201,0.0002391310117673,0.4672131147540984
noise,2.0,FULT,0.0126591874286532,0.0002791808219626,0.4426229508196721
noise,2.0,ASB,0.0122002307325601,0.0002540708810556,0.4590163934426229
noise,2.0,WBS,0.0095113031566143,0.0001978136133402,0.4836065573770491
noise,2.0,MTB,0.0108074769377708,0.0001897347101476,0.5327868852459017
noise,2.0,ZION,0.0125228632241487,0.000284787354758,0.5737704918032787
noise,2.0,BOH,0.0117110488936305,0.0002380853693466,0.5245901639344263
noise,2.0,UBSI,0.0100719947367906,0.0001963637332664,0.4754098360655737
noise,2.0,CVBF,0.0119316149502992,0.0002398718934273,0.4754098360655737
noise,2.0,CBSH,0.0098907891660928,0.0001889650302473,0.4590163934426229
noise,2.0,GBCI,0.0135728670284152,0.0003212132724002,0.4426229508196721
noise,1.0,BAC,0.0109893400222063,0.0002061711566057,0.5573770491803278
noise,1.0,WFC,0.0137107232585549,0.0003149268159177,0.5409836065573771
noise,1.0,JPM,0.0116176288574934,0.0002382327947998,0.5081967213114754
noise,1.0,C,0.0148978848010301,0.000406128616305,0.5573770491803278
noise,1.0,HBAN,0.0133403595536947,0.0003066126373596,0.4836065573770491
noise,1.0,USB,0.0108062243089079,0.0002047908637905,0.5409836065573771
noise,1.0,TFC,0.0114611824974417,0.0002197046414949,0.5491803278688525
noise,1.0,KEY,0.0117207504808902,0.0002271332486998,0.5245901639344263
noise,1.0,RF,0.0119228353723883,0.0002444194979034,0.5819672131147541
noise,1.0,FITB,0.0130108371376991,0.0003061742754653,0.5081967213114754
noise,1.0,VLY,0.0124516477808356,0.0002756300964392,0.4508196721311475
noise,1.0,FHN,0.0113024823367595,0.0002329739218112,0.5245901639344263
noise,1.0,PNC,0.0107739558443427,0.0002032099873758,0.5081967213114754
noise,1.0,WAFD,0.0103745851665735,0.0002416123315924,0.4590163934426229
noise,1.0,FNB,0.0113020511344075,0.0002389910077909,0.5163934426229508
noise,1.0,FULT,0.0126233045011758,0.0002781184739433,0.5409836065573771
noise,1.0,ASB,0.0121434181928634,0.000253035366768,0.5245901639344263
noise,1.0,WBS,0.0094827422872185,0.000194415973965,0.5081967213114754
noise,1.0,MTB,0.0107826413586735,0.0001890354906208,0.5327868852459017
noise,1.0,ZION,0.0124680064618587,0.0002843248657882,0.5737704918032787
noise,1.0,BOH,0.0117265656590461,0.0002372787857893,0.4754098360655737
noise,1.0,UBSI,0.0100319916382431,0.0001954355539055,0.4754098360655737
noise,1.0,CVBF,0.0119253573939204,0.0002396540367044,0.4754098360655737
noise,1.0,CBSH,0.0099065117537975,0.0001889464474515,0.4590163934426229
noise,1.0,GBCI,0.0135398162528872,0.0003205471730325,0.4426229508196721
gaussian,24.0,BAC,0.0110350800678133,0.000205666583497,0.4344262295081967
gaussian,24.0,WFC,0.0137567343190312,0.0003120939363725,0.4590163934426229
gaussian,24.0,JPM,0.0116062415763735,0.0002363835665164,0.4918032786885246
gaussian,24.0,C,0.0150825250893831,0.0004112451861146,0.4426229508196721
gaussian,24.0,HBAN,0.0133576905354857,0.0003068388905376,0.4836065573770491
gaussian,24.0,USB,0.0108289467170834,0.0002053591888397,0.4590163934426229
gaussian,24.0,TFC,0.0114552825689315,0.0002197555004386,0.5491803278688525
gaussian,24.0,KEY,0.0117299957200884,0.0002274183061672,0.5245901639344263
gaussian,24.0,RF,0.0120650203898549,0.0002451788750477,0.4180327868852459
gaussian,24.0,FITB,0.0130078718066215,0.0003060165909118,0.5081967213114754
gaussian,24.0,VLY,0.0123683121055364,0.0002722067001741,0.5327868852459017
gaussian,24.0,FHN,0.0112819410860538,0.0002328220725758,0.5245901639344263
gaussian,24.0,PNC,0.0107739558443427,0.0002039313258137,0.5081967213114754
gaussian,24.0,WAFD,0.0103035448119044,0.0002396659692749,0.5327868852459017
gaussian,24.0,FNB,0.0113070057705044,0.0002389154105912,0.5163934426229508
gaussian,24.0,FULT,0.0126288002356886,0.0002782982192002,0.5409836065573771
gaussian,24.0,ASB,0.0121148489415645,0.0002527009346522,0.5245901639344263
gaussian,24.0,WBS,0.0094880945980548,0.0001940358488354,0.5081967213114754
gaussian,24.0,MTB,0.0107918065041303,0.0001893174048746,0.5327868852459017
gaussian,24.0,ZION,0.0125089222565293,0.0002846448333002,0.5737704918032787
gaussian,24.0,BOH,0.0117256231606006,0.0002373192837694,0.4754098360655737
gaussian,24.0,UBSI,0.009970529936254,0.0001928090350702,0.5081967213114754
gaussian,24.0,CVBF,0.0119083141908049,0.0002391654998064,0.4754098360655737
gaussian,24.0,CBSH,0.0098595404997468,0.0001900114002637,0.5245901639344263
gaussian,24.0,GBCI,0.0135046849027276,0.0003199328202754,0.5491803278688525
gan,24.0,BAC,0.0110630197450518,0.0002055866061709,0.4344262295081967
gan,24.0,WFC,0.0137529391795396,0.000312159594614,0.4590163934426229
gan,24.0,JPM,0.0116058029234409,0.0002363899693591,0.4918032786885246
gan,24.0,C,0.0150782326236367,0.0004111098824068,0.4426229508196721
gan,24.0,HBAN,0.0133545417338609,0.0003067812067456,0.4836065573770491
gan,24.0,USB,0.0108302636072039,0.0002053917269222,0.4590163934426229
gan,24.0,TFC,0.0114536620676517,0.000219775334699,0.5491803278688525
gan,24.0,KEY,0.0116967754438519,0.0002267234813189,0.5245901639344263
gan,24.0,RF,0.0120570873841643,0.0002450968313496,0.4180327868852459
gan,24.0,FITB,0.0130070000886917,0.0003059827722609,0.5081967213114754
gan,24.0,VLY,0.0123871564865112,0.0002729844709392,0.4508196721311475
gan,24.0,FHN,0.0112857725471258,0.0002331908617634,0.5245901639344263
gan,24.0,PNC,0.0107739549130201,0.0002040773251792,0.5081967213114754
gan,24.0,WAFD,0.0103003690019249,0.000239586981479,0.5327868852459017
gan,24.0,FNB,0.011309191584587,0.0002389193832641,0.5163934426229508
gan,24.0,FULT,0.0125985099002718,0.0002774195454549,0.5409836065573771
gan,24.0,ASB,0.0121159953996539,0.0002526913303881,0.5245901639344263
gan,24.0,WBS,0.0094850482419133,0.0001941709197126,0.5081967213114754
gan,24.0,MTB,0.0107929967343807,0.0001893450680654,0.5327868852459017
gan,24.0,ZION,0.0125104347243905,0.0002846596471499,0.5737704918032787
gan,24.0,BOH,0.0117280911654233,0.0002372269809711,0.4754098360655737
gan,24.0,UBSI,0.0099725415930151,0.0001932631421368,0.5081967213114754
gan,24.0,CVBF,0.0119080953299999,0.0002391607704339,0.4754098360655737
gan,24.0,CBSH,0.0098590413108468,0.0001901763316709,0.5245901639344263
gan,24.0,GBCI,0.0135049512609839,0.0003199370694346,0.5491803278688525
gaussian,2.0,BAC,0.0110275205224752,0.0002057090314337,0.5573770491803278
gaussian,2.0,WFC,0.0137463863939046,0.0003122828784398,0.4590163934426229
gaussian,2.0,JPM,0.0116032091900706,0.0002370355505263,0.5081967213114754
gaussian,2.0,C,0.0149882184341549,0.0004083957464899,0.5573770491803278
gaussian,2.0,HBAN,0.0133364293724298,0.0003066076023969,0.4836065573770491
gaussian,2.0,USB,0.0108313774690032,0.0002054195065284,0.4590163934426229
gaussian,2.0,TFC,0.0114903366193175,0.0002196045243181,0.5491803278688525
gaussian,2.0,KEY,0.0117535423487424,0.0002284634392708,0.4754098360655737
gaussian,2.0,RF,0.0120352916419506,0.0002448954328428,0.5819672131147541
gaussian,2.0,FITB,0.0130126560106873,0.0003063033509533,0.5081967213114754
gaussian,2.0,VLY,0.0124750845134258,0.000276436767308,0.4508196721311475
gaussian,2.0,FHN,0.011324318125844,0.000233461469179,0.4672131147540984
gaussian,2.0,PNC,0.0107743460685014,0.0002043034764938,0.5081967213114754
gaussian,2.0,WAFD,0.0103425597772002,0.0002406985295237,0.4590163934426229
gaussian,2.0,FNB,0.0113217998296022,0.0002391006855759,0.4672131147540984
gaussian,2.0,FULT,0.0126608926802873,0.0002792304730974,0.4426229508196721
gaussian,2.0,ASB,0.0122245755046606,0.0002545423049014,0.4590163934426229
gaussian,2.0,WBS,0.0095127131789922,0.0001979365479201,0.4836065573770491
gaussian,2.0,MTB,0.0108063770458102,0.0001897063339129,0.5327868852459017
gaussian,2.0,ZION,0.0125271091237664,0.0002848308940883,0.5737704918032787
gaussian,2.0,BOH,0.0117099471390247,0.0002381504746153,0.5245901639344263
gaussian,2.0,UBSI,0.0100730881094932,0.000196389548364,0.4754098360655737
gaussian,2.0,CVBF,0.0119283320382237,0.0002397638600086,0.4754098360655737
gaussian,2.0,CBSH,0.0098822358995676,0.0001890060229925,0.4590163934426229
gaussian,2.0,GBCI,0.0135774686932563,0.0003213191812392,0.4426229508196721
gaussian,1.0,BAC,0.0109949298202991,0.0002060709521174,0.5573770491803278
gaussian,1.0,WFC,0.0137107511982321,0.0003149208787363,0.5409836065573771
gaussian,1.0,JPM,0.0116157168522477,0.0002380985388299,0.5081967213114754
gaussian,1.0,C,0.0148978736251592,0.000406128441682,0.5573770491803278
gaussian,1.0,HBAN,0.0133379455655813,0.0003066061472054,0.4836065573770491
gaussian,1.0,USB,0.0108001539483666,0.0002046566514763,0.5409836065573771
gaussian,1.0,TFC,0.011461166664958,0.0002197047724621,0.5491803278688525
gaussian,1.0,KEY,0.0117211565375328,0.0002271443372592,0.5245901639344263
gaussian,1.0,RF,0.0119241811335086,0.0002444189158268,0.5819672131147541
gaussian,1.0,FITB,0.0130104012787342,0.0003061470051761,0.5081967213114754
gaussian,1.0,VLY,0.0124517390504479,0.0002756338799372,0.4508196721311475
gaussian,1.0,FHN,0.0113033195957541,0.0002329874841962,0.5245901639344263
gaussian,1.0,PNC,0.0107739539816975,0.0002032165066339,0.5081967213114754
gaussian,1.0,WAFD,0.0103762028738856,0.0002416584466118,0.4590163934426229
gaussian,1.0,FNB,0.0113020511344075,0.0002389950532233,0.5163934426229508
gaussian,1.0,FULT,0.0126187354326248,0.0002779759815894,0.5409836065573771
gaussian,1.0,ASB,0.0121530313044786,0.0002531995123717,0.4590163934426229
gaussian,1.0,WBS,0.009484083391726,0.000194248263142,0.5081967213114754
gaussian,1.0,MTB,0.0107820061966776,0.0001890233979793,0.5327868852459017
gaussian,1.0,ZION,0.0124684693291783,0.0002843276597559,0.5737704918032787
gaussian,1.0,BOH,0.011725228279829,0.0002373377647018,0.4754098360655737
gaussian,1.0,UBSI,0.01003482285887,0.0001955013576662,0.4754098360655737
gaussian,1.0,CVBF,0.0119178118184208,0.0002394080947851,0.4754098360655737
gaussian,1.0,CBSH,0.0099121266975998,0.0001889576669782,0.4590163934426229
gaussian,1.0,GBCI,0.0135428458452224,0.0003206013643648,0.4426229508196721
